question,answer
"Apa hukum menggunakan agama untuk kepentingan pribadi?,""Menggunakan agama untuk kepentingan pribadi adalah perbuatan yang dilarang dalam Islam. Allah melarang menjual ayat-Nya demi kepentingan dunia, sebagaimana tercantum dalam QS. Al-Baqarah: 41. Agama adalah untuk mendekatkan diri kepada Allah, bukan untuk meraih keuntungan duniawi."""
"Bagaimana cara agar dakwah tidak tercampur dengan kepentingan pribadi?,""Agar dakwah tetap murni, niat harus diluruskan hanya untuk Allah semata, bukan untuk mendapatkan pujian atau materi. Rasulullah ? bersabda bahwa ilmu yang dipelajari untuk dunia tidak akan mencium bau surga (HR. Abu Dawud)."""
"Apa dampak buruk dari menyalahgunakan agama untuk kepentingan pribadi?,""Menyalahgunakan agama untuk kepentingan pribadi dapat menyesatkan umat, menciptakan ketidakadilan, dan merusak citra Islam. Allah melarang perbuatan ini dan menyebutnya sebagai bentuk kezaliman, sebagaimana disebutkan dalam QS. Ash-Shaff: 7."""
"Mengapa agama tidak boleh digunakan untuk tujuan duniawi?,""Agama adalah jalan hidup yang seharusnya membawa seseorang lebih dekat kepada Allah, bukan untuk mengejar keuntungan duniawi. Allah melarang umat-Nya untuk menjual ayat-Nya dan hukum-Nya demi keuntungan duniawi (QS. Al-Baqarah: 41)."""
"Bagaimana seharusnya seorang da'i menjaga niatnya?,""Seorang da'i harus menjaga niatnya dengan selalu mengingat bahwa dakwah adalah untuk menyampaikan kebenaran dan petunjuk Allah, bukan untuk mencari keuntungan pribadi atau pengakuan dari orang lain. Niat yang tulus akan membawa dakwah yang lebih berkah."""
"Apa yang dimaksud dengan ‘menjual agama untuk dunia’ dalam Islam?,""‘Menjual agama untuk dunia’ adalah tindakan menggunakan ajaran agama untuk mendapatkan keuntungan duniawi, seperti kekayaan, jabatan, atau ketenaran. Tindakan ini sangat dilarang dalam Islam karena mengaburkan tujuan utama agama yang seharusnya mendekatkan diri kepada Allah."""
"Apa yang terjadi jika seseorang menggunakan agama untuk keuntungan pribadi?,""Menggunakan agama untuk keuntungan pribadi dapat mengarah pada perbuatan nifaq (hipokrit) dan dapat merusak hubungan dengan Allah dan umat. Islam mengajarkan agar setiap amalan dilakukan dengan ikhlas hanya karena Allah, bukan untuk tujuan duniawi."""
"Bagaimana cara menghindari godaan untuk menggunakan agama demi kepentingan pribadi?,""Untuk menghindari godaan ini, seseorang harus memperkuat iman, selalu introspeksi diri, dan menjaga keikhlasan dalam setiap tindakan. Selain itu, penting untuk mendekatkan diri kepada Allah dengan doa dan dzikir agar selalu dilindungi dari godaan duniawi."""
"Apa yang seharusnya menjadi tujuan utama dakwah dalam Islam?,""Tujuan utama dakwah dalam Islam adalah untuk menyampaikan wahyu Allah kepada umat manusia agar mereka mendapatkan petunjuk dan rahmat-Nya. Dakwah tidak boleh bertujuan untuk mendapatkan keuntungan pribadi, jabatan, atau pengaruh di dunia."""
"Apa hukumnya memanfaatkan ajaran agama untuk menarik massa atau pengikut?,""Memanfaatkan ajaran agama untuk menarik massa atau pengikut demi kepentingan pribadi adalah perbuatan yang tercela dalam Islam. Dakwah harus dilaksanakan dengan tujuan semata-mata untuk mendapatkan ridha Allah, bukan untuk kepentingan dunia."""
